,Counts,Unclear
la Haye,45,x
Montpellier,4,
Groningue,6,
Amsterdam,66,
la Haïe,2,x
Paris,269,
Meaux,4,
France,281,
England,102,
Switzerland,2,
Spain,86,
Rome,142,
Iran,5,
Cartago,5,
Africa,13,
Attene,7,
Paphos,3,
Pont-neuf,2,
Rheims,1,
S. Roch,1,
Egypte,15,
Alemagna,6,
Greece,44,
Corbia Lake,1,
Giblou,1,
Barberin,1,
Germany,31,
Grenoble,4,
Palais Royal,4,
Tiber River,1,
petit Hôtel du Luxembourg,1,
Luxembourg,7,
Versailles,36,
Suisse,5,
Babel Rock,2,
Bilbao,7,
Galicia,7,
Jerusalem,8,
Island of Malta,1,
London,110,
Europe,178,
Denmark,6,
Whitehall,6,
Hellespont,1,
Bath,10,
Tunbridge Wells,2,
Royal Leamington Spa,1,
Rue Friday,1,
Pall-Mall,2,
Flanders,10,
Italy,64,
Londra,27,
Ranelagh,9,
Vauxhall,12,
Grece,8,
Angleterre,77,
Europa,61,
Caino,2,
Affrica,10,
Montesquieu,1,
America,14,
Cadiz,27,
Southern Asia,2,
Asia,22,
Western Europe,21,
China,26,
Calicut International Airport,1,
Antioquia,1,
Istanbul,11,
Cilicie,1,
Venezia,53,
Olimpo,22,
Brittany,5,
Turkey,5,
North America,4,
Grecia,49,
Acheronte,4,
Cocito,1,
Ramelies,1,
Madrid,82,
Italia,39,
Essex,6,
Perpignan,1,
Aréopage,1,
Nesle-la-Reposte,1,
Champagne-Ardenne,6,
Romana Repubblica,1,
Meca,1,
Ispagna,6,
Egitto,14,
Alessandria,3,
Palestina,2,
Russia,12,
Sweden,9,
Georgia,4,
Savannah River (Georgia Bank),2,
Tamise,5,
Northern Europe,2,
Corinto,2,
Protugal,1,
Rio Lavacolla,1,
Malines,1,
Laußnitz,1,
Ephesus,3,
Arabien,1,
Spagna,7,
l’Hopital de St. Thomas,1,
Pariggi,1,
Roma,43,
Lione,1,
Francia,36,
Cádiz,2,
Sevilla,4,
Málaga,10,
Zaragoza,12,
Barcelona,27,
Valencia,15,
Valladolid,10,
Havana,11,
México,3,
Monte Santo,1,
Grande Bretagne,10,
Caffé de White,10,
Caffé de Guillaume,13,
Seville,12,
Piazza di S. Marco,3,
S. Giuliano,1,
Vienna,12,
Lisbona,1,
Germania,11,
San Benedetto,1,
Padova,7,
Cappadocia,2,
'Provence-Alpes-Côte d''Azur',7,
Cythera Island,2,
Saintes-Maries-de-la-Mer,1,
Portogallo,7,
Londres,57,
Westmunster,4,
l’Eglise de S. Clement,1,
grande Bretagne,2,
Temple de Saint Paul,1,
Strand,2,
Vicenza,11,
Canarie,1,
Cipro,2,
San Polo,2,
S. Paternian,1,
San Fantino,3,
San Barnaba.,1,
Santa Marina,1,
Calle dalle Acque,1,
Parigi,22,
Motta,1,
Pazzovia,1,
Copenhague,24,
Lignon,1,
Cithère,2,
Amathonte,3,
Olympe,11,
Empyrée,2,
Tuileries Garden,5,
la Fleche,2,
Saint Germain,2,
Netherlands,36,
Basel,2,
The Hague,20,
Japan,8,
Petervaradino,1,
Belgardo,1,
Ungheria,1,
Northern America,8,
Cartagena,9,
Mexico,11,
Kolkata,1,
spagna,1,
Parnasso,4,
Indie,10,
Toscana,5,
Milano,6,
Turquie,13,
Maynz,3,
Berlin,5,
Tebe,5,
Arabie,4,
Thrace,2,
Inghilterra,30,
Ireland,7,
Westminster,8,
Newcastle,1,
Espagne,35,
Tergoes,2,
Zélande,1,
Leide,1,
Champs Elisées,2,
Leyden,1,
Champs-Elisées,5,
Leyde,2,
Frise,1,
Utrecht,12,
Covent Garden,5,
Troy,4,
Fontenoy-le-Château,1,
Lido,2,
San Pietro di Castello,1,
Brescia,5,
Venice,46,
Verona,5,
Padua,10,
Fiume Bacchiglione,1,
Carrara,1,
Zoldo,1,
Sebenico,1,
Brenta,2,
Fusina,1,
Foro,2,
Vaticano,2,
Corinti,1,
Tuscany,26,
Pisa,8,
Calci,7,
Uliveto,2,
Athens,24,
Castilien,1,
España,8,
Farsalia,1,
Pompeo,1,
Grande-Bretagne,6,
jardin du palais royal,1,
Rocroy,1,
Flandre,4,
Louvre,2,
Sainte-Sophie,1,
Santa-Caza,1,
Eurete,1,
Palestine,4,
Italie,41,
palais-royal,4,
Vatican City,3,
Cicladi,1,
Rodi,3,
Cambridge,7,
Brighthelm-Stone,2,
Santander,7,
América,3,
Dusseldorf,2,
Bourgogne,15,
Arabia (Roman province),1,
Azad Kashmir,1,
Teutschland,2,
Ruë d’Anne,1,
Libia,2,
Hollande,25,
Atene,17,
Egypt,14,
Engelland,2,
Schweitz,1,
Leipzig,6,
Jutlande,3,
Torbek,1,
Chine,14,
Nantes,3,
Grèce,3,
Allemagne,24,
Egipte,2,
Gréce,8,
Moscovie,3,
Laponie,2,
Norwège,3,
Islande,2,
Dannemarc,27,
Suéde,6,
Prusse,10,
Panigai,1,
Torino,4,
Amburgo,2,
Brentford,1,
Middlesex,1,
Oxford,17,
Wellingborough,1,
Luxembourg Palace,1,
Cours-la-Reine,1,
Bois de Boulogne,1,
Libano,2,
Damasco,1,
Gerusalemme,3,
Persia,4,
Bayona,2,
El Molinar,2,
Valle de Mena,1,
Provinces-Unies,1,
Fontenoy,3,
Palace of Versailles,3,
Hastenbeck,1,
Firenze,7,
Livorno,8,
Madere,1,
Funchial,1,
Modera,1,
Equatore,1,
Oceano atlantico,1,
America meridionale,1,
Rio Ianeiro,1,
Brasile,2,
Tristan d’Aucugna,1,
Capo corrente,1,
Delagoa,1,
Mafumo,1,
Mozambico,1,
Malabar,1,
Surat,2,
Cambay,1,
Goga,1,
Damau,1,
Bombay,1,
Goa,1,
Mangalor,1,
Baliapatnam,1,
Nicobar,1,
Bengala,1,
Nancaveri,1,
Souri,1,
Tricutte,1,
Catchioul,1,
Coromandel,1,
Madràs,1,
Balliapatnam,1,
Carwar,1,
Trinquebar,1,
Porto Nuovo,1,
Kowolon,1,
Coblon,1,
Gange,1,
Kadgerì,1,
Maurizio,1,
Bourbon,1,
Capo di Buona Speranza,1,
Tavola,1,
Capo Verde,1,
Fago,1,
Praia,1,
Cadice,1,
Indie orientali,1,
India,14,
Capo,1,
Liegnitz,1,
Prusia,2,
Cizica,1,
Tivoli,4,
S. Barthelemi,1,
Portugal,17,
Leipsic,1,
Locke,1,
Newton,2,
Corinth,3,
Cythere,3,
Montpelier,3,
Catalonia,2,
Castille and León,2,
Andalusia,2,
Parnaso,17,
Elicona,5,
Armenia,2,
Alexandrie,4,
Gnild-hall,1,
Tripoli,4,
Basilica di San Giovanni e Paolo,1,
Nicaragua,1,
Parnasse,25,
Pharsale,1,
Pompée,1,
Avignon,7,
Genève,4,
Tranquebar,1,
Sparta,7,
Alexandria,2,
Westminster Abbey,10,
Fiume Reno,2,
Fiume Trebbia,1,
Fiume Taro,2,
Parma,11,
Castor,1,
Americas,13,
Zamora,1,
Capadoce,1,
Perse,10,
Canal Grande,2,
Ferrara,3,
Oriago Di Mira,1,
Sestière di San Marco,1,
Geneva,5,
Argos,1,
Arcadia,2,
Ippocrene,1,
Pausania,2,
Marcaria,1,
Mantova,3,
Milan,5,
Castelnovo,1,
Liechtenstein,6,
Losanna,1,
Allemagna,1,
Olanda,12,
Roterdam,1,
Montaubin,3,
Wauschall,2,
Ranelay,1,
Cupers-garden,2,
Maryle bon,1,
Gadlort-Wels,1,
Goodmansfields,1,
San James,1,
Convent-Garden,4,
Richmond,3,
Hammersmich,1,
Kensigton,1,
Chelsea,7,
Borgogna,2,
Loyter,1,
théatre de Drulynane,1,
Mount Athos,1,
Tuilleries,1,
Palais-Royal,6,
Séville,1,
europe,1,
Pays-Bas,5,
Silésie,2,
Belgrade,1,
Russie,14,
Saint-Pétersbourg,1,
Vienne,9,
république Romaine,3,
Piedmont,1,
Murano,5,
Leida,1,
Almeria,1,
Cochin China,1,
Cour de Blois,1,
Malamocco,1,
Parc de St. James,3,
Stockholm,3,
Hamburg,4,
Lisbon,1,
Langue de Barbarie,1,
United States,2,
Friesland,1,
Niedersächsisches Wattenmeer,1,
Ostfriesland,1,
Stade,1,
Bremen,1,
Glucstat,1,
Altena,1,
Rostock,3,
Mecklenburg-Vorpommern,1,
Wismar,1,
Wernemunde,1,
Møn,3,
Copenhagen,4,
Ystad,1,
Skåne,1,
Bourgogne-Franche-Comté,1,
Småland,1,
Östergötland,1,
Provincie Gelderland,1,
Schleswig-Holstein,1,
Hesse,1,
Norway,3,
Livonija,1,
Hungary,6,
Hanover,5,
Norrköping,1,
Lübeck,1,
Falster,1,
Låland,1,
Ile de Fémeren,1,
Bad Bentheim,1,
Dettingen,7,
Ecosse,5,
Leiden,1,
Athénes,3,
Héraclée,1,
Champagne,7,
Eliopoli,1,
Mont Tirzah,4,
Tirzah Beach,1,
Petites Maisons,1,
Athen,3,
Londen,3,
Fez,1,
Constantinople,11,
Athènes,13,
Montenero,1,
Monterotondo,1,
il Fiesole de’ Livornesi,1,
Val di Tempe,1,
Sinigaglia,2,
United Kingdom,57,
Ostend,1,
Deux Siciles,2,
Roman Empire,4,
St James Street Railway Station,1,
Eáton,1,
Bedford Head,1,
caffé de Will,1,
rue de Great Russel,1,
Bedford-Head,1,
Menen,1,
Ypres,1,
Veurne,1,
Spithead,1,
Poland,7,
Sardinia,3,
Farsala,1,
Bolzano,1,
Long-Acre,1,
Eden,1,
Boulogne,2,
Hampton-Court,1,
Long-acre,1,
Mausejour,1,
Mauséjour,1,
Bruxelles,5,
Savoie,3,
Chypre,1,
Susiana,1,
Lacedemonia,1,
Stepney,2,
Chio,1,
Franckfurt,1,
Lichtenstein,1,
Sissa,1,
Piacenza,2,
Bordeaux,4,
Jardin du Palais Royal,1,
Tuileries,4,
Rouen,3,
Prémont,1,
Sibérie,1,
Glascow,1,
Archangel,1,
Rhin,2,
monte Jura,1,
Rheno,1,
Jura,1,
Molinar,1,
valle de Mena,1,
Permesse,1,
Grenada,2,
Eastern Europe,1,
Saint Petersburg,2,
Moscow,4,
Siena,4,
Florence,19,
Palestrina,1,
Uranibourg,1,
Soröe,1,
Poveglia,1,
San Benedetto Po,1,
Altino,1,
Latium,2,
Capitoline Hill,1,
Maremma,6,
Elba,1,
Thebes,2,
Troia,7,
Sicily,3,
Middle East,2,
Lac Perse,2,
Sardegna,1,
Turino,1,
Tempe,1,
Tessaglia,2,
Egina,1,
Megara,1,
S. Antioco,1,
Ucraina,1,
Arabia,2,
Barberia,2,
Prague,1,
St. James,1,
Cheapside,2,
Angioù,1,
Genova,2,
Pegli,1,
Vesuvius,2,
Bretagne,3,
Carthage,5,
Lyon,10,
Lacédémone,2,
Peru,5,
Potosí,2,
Tucumán,1,
Lima,2,
Quito,2,
Cusco,2,
Mount Etna,1,
Syracuse,2,
Carrisburgh,1,
Whight,1,
Ganges River,1,
Malabār Coast,1,
Mumbai,2,
Haiti,2,
Pacific Ocean,3,
Delagoa Reserve,1,
Lambeth,1,
Charing-Cross,1,
Haymarket,2,
Tunbridge,4,
Spaw,3,
Palais de St. James,1,
Mail,1,
Grosvenor,2,
Scamandro,1,
Argo,2,
Barbados,2,
Dunes,1,
Ammerica,1,
Belprato,1,
Mexique,2,
Pérou,1,
Bildulguerid,1,
Amérique,13,
Asie,9,
Anvers,2,
Saint-Quentin,5,
Gravelines,2,
Parmes,1,
Trente,2,
Brille,1,
Mons,2,
Namur,1,
Tunis,4,
Autriche,8,
Fiesole,4,
Naples,13,
Pesaro,1,
Ancona,1,
L’Aquila,1,
Israel,8,
Æthna,1,
Blois,5,
Saudi Arabia,3,
Granada,1,
Dublin,4,
Nicolai-Straasse,1,
rothen Collegio,1,
Sparte,4,
Issé,1,
Saxony,2,
Toscane,3,
Griechenland,2,
Ober=Sachsen,1,
Arcadie,2,
Cape of Good Hope,2,
Pologne,9,
Varsovie,2,
Inghiltera,1,
Tartaria,1,
Roveredo,1,
Casalmaggiore,1,
Cremona,1,
empire romain,1,
Canada,2,
Suède,5,
Gènes,1,
Villers-Cotterets,1,
Nancy,1,
la Rochelle,1,
Nimes,1,
Montauban,1,
Brandebourg,1,
Israël,1,
Inde,1,
Delmenhorst,1,
Norvège,1,
Dronthem,1,
Aschaffenbourg,1,
Hanou,1,
Aia,1,
Du Caffé de White,1,
Fontenoi,1,
Cythère,4,
Karrantza Harana / Valle de Carranza,3,
Zestoa,1,
Venustiano Carranza,1,
Balmaseda,1,
South America,4,
San Sepolcro,1,
Midlesex,1,
Isola Tavolara,1,
Casentino,1,
Sorrento,1,
Montesanto,1,
Génes,1,
Venise,8,
Dijon,3,
Svizzera,1,
Zurigo,1,
Vernon,1,
Haute-Normandie,2,
Pe-King,2,
San Polo di Piave,1,
Piazza San Marco,1,
Ternate,4,
Maluku Islands,1,
Attica,1,
Ida,2,
Campidoglio,1,
Amerique,1,
Regno di Castiglia,1,
Napoli,2,
Marylebone,2,
Sadlers-Wells,1,
Goodman’s fields,1,
City of London,5,
'St James''s Park',5,
City of Westminster,11,
la Cité,1,
Kensington,3,
Hammersmith,2,
Siberie,1,
Elisées,1,
Calabre,1,
Alpes,1,
Athênes,1,
Wauxhal de Torré,1,
Wauxhall de Torré,2,
Wauxhal,1,
:Venezia,1,
Caffe de Jeannete Man,1,
Barbada,1,
Bridgetown,1,
Rosenbourg,1,
Tokai,1,
Wapping,1,
Cambray,1,
Scarborough,3,
Middelburg,1,
Provincie Zeeland,1,
Lancaster,1,
Newton St. Loe,1,
Somerset,1,
Dromore,1,
Norwich,1,
Ely,1,
Coppenhague,1,
Fiume Arno,3,
S. Stefano,1,
Ravenna,1,
Zelanda,1,
Bois de Vincennes,1,
Vincennes,1,
Grönland,2,
Epirus,1,
Taranto,1,
Lucano,1,
Malbourough,1,
Malplaquet,2,
République Romaine,1,
Sardaigne,3,
Païs-bas,1,
Albe,1,
Cocyte,1,
Cerro Sierra Morena,2,
Flandes,2,
Heinsberg,1,
Sardes,5,
Sardis,1,
Milinais,1,
Lorraine,2,
Livourne,1,
Moorfields,4,
Neva,1,
Beozia,1,
Chios,1,
Castille-La Mancha,1,
Toledo,3,
Thailand,1,
Zürch,1,
Col de Traversette,2,
Cannes,1,
Villaverla,2,
Mecque,1,
S. Costante,1,
Gallic Empire,2,
Britain (Roman province),1,
West Prussia,2,
Rialto Bridge,2,
Mishpach,1,
mont Tirzah,1,
Perasto,1,
Giamaica,1,
Riva degli Schiavoni,4,
Beijing,1,
Skradin,1,
Ronda,1,
Vesuvio,2,
Brussels,4,
Pall Mall,1,
Hongrie,6,
République de Rome,1,
Sodome,1,
Padoüe,1,
Fontenelles,1,
Hampton Court,1,
Nijmegen,1,
Wesel,1,
Cologne,4,
Frankfurt am Main,2,
Strasbourg,1,
Metz,2,
Toul,1,
Verdun,1,
Liège,1,
Maastricht,1,
Fiesso,1,
San Biagio di Callalta,1,
Trento,2,
Terrenos de los Caños,1,
Puerto de Guadarrama,1,
Dieppe,2,
Ilion,1,
Troye,4,
Navarre,5,
Paris 01 Louvre,2,
Dauphiné,5,
Auvergne-Rhône-Alpes,1,
Coutras,2,
Torcello,1,
West Jerusalem,1,
Ouville,1,
Moorfields Eye Hospital,2,
Ruckholt,1,
Ranelaugh,1,
Indes Orientales,5,
Mogol,1,
Sennar,1,
Cairo,5,
Bagdat,2,
Thésy,1,
Bologna,6,
Jagersbourg,1,
Toulon,3,
Almansa,2,
Blindheim,1,
Höchstädt an der Donau,1,
Epsom,1,
La Alcarria,1,
Edinburgh,1,
Zambra,1,
Caprona,1,
La Certosa,1,
Castel maggiore,1,
Montemagno,1,
Buti,1,
Lucca,2,
Bruges,2,
Oudenaarde,1,
Lidia,2,
Lunneville,1,
republique Romaine,1,
Chester,2,
Halvorfjellet,1,
Santa Maria degli Angioli,1,
Hyde-Parck,1,
Afrique,7,
Valle del Po,1,
Po River,2,
Ibarra,1,
Petersbourg,1,
Sparti,1,
Bettelehemme,1,
Vaux-hall,1,
Ruckolt,1,
Galles,4,
Turchia,4,
Indie Orientali,1,
Lebanon,2,
Austria,4,
Gath,2,
Askelon,1,
Guilboach,1,
Warwich,1,
Bartlet-Square,1,
Mount Helicon,1,
San Donato in Fronzano,3,
Malta,5,
Japon,4,
Marseille,5,
San Trovaso,2,
NeWcastle,1,
Scozia,2,
Wales,6,
Benvich,1,
Udine,2,
Veneto,1,
Asie Mineure,1,
Oriente,1,
Costa d’Oro,1,
Caffé de Button,1,
Caffé de Jonathan,1,
Midi,2,
Sicile,3,
Etats-unis de l’Amérique,1,
Auvergne,2,
Susiane,1,
Troja,4,
Siam,1,
Cambridge District,1,
Scotland,5,
Albé,1,
Athenes,8,
Ilissus,1,
Pinde,1,
Kos,1,
Caune,1,
Carie,1,
Rhodes,1,
Samos Island,1,
Herakleia,1,
Macedonia,8,
Numidie,1,
Lybia,1,
Abdera,2,
Siberia,2,
Valbona,1,
Rovigo,1,
Rom,1,
Ägypten,1,
Rußland,1,
Rostok,1,
Cornovaille,2,
Tumbridge,1,
Haymarchet,1,
Vauvvchall,1,
Heymarket,1,
Gran-Bretagna,1,
Cupers,2,
Parco di S. James,1,
Hanovre,1,
Northampton,1,
Bergopzoom,1,
Tyburn,3,
Lincolns Inn Fields,1,
Canaan,1,
Samo,1,
Numidia (Roman province),1,
Alpi,3,
Campalto,3,
Cheshire,1,
Hogstest,1,
Sore,1,
Jægersbourg,1,
Pavie,2,
Provence,2,
Mets,1,
saint Quentin,1,
Lépante,1,
la Goulette,1,
Irlande,5,
Cadis,2,
Flessingue,1,
Païs-Bas,1,
Meudon,1,
Borée,1,
Paros,1,
Praga,1,
San Lorenzo,1,
ponte di Rialto,3,
Sant’Andrea,1,
Fantasianopoli,1,
jardins du Luxembourg,1,
Thuilleries,1,
fauxbourg S. Germain,1,
Louisiane,1,
Aragon,5,
Danzik,1,
Laon,1,
Soissons,1,
Normandie,2,
Todi,1,
Vatican,2,
Asturies,1,
Léon,1,
Tibre,4,
Reyno de Galicia,2,
Pasíbula,1,
Marly-le-Roi,1,
Islington,1,
The Knight’s Bridge,1,
Pankridge,1,
Brompton,1,
Putney,1,
Paddington,1,
Fulham,1,
Parson’s Green,1,
Belvedere,1,
Carinthia,1,
Maubeuge,2,
Costantinopoli,1,
Damas,3,
barberia,1,
Marsiglia,2,
Algeri,2,
Antibo,1,
Las Californias,1,
Danube,2,
Ile de Topsy-Turvy,2,
Mer pacifique,1,
Frontignac,1,
Indes,4,
Topsy-Turvy,1,
Océan pacifique,1,
Austin Fryars,2,
Orleans,2,
Rochefort,1,
Calais,3,
Jomsbourg,1,
Izmir,1,
Gravesend,3,
Red Lyon Squara,1,
Cyprus,3,
Caschaughton,1,
Corregimiento Calidonia,1,
Caffé Grec,1,
Ashkelon,1,
Treviso,3,
Itaca,7,
Lenno,1,
Susa,1,
Cilicia,1,
Piave,1,
Brest,4,
S. Denis,1,
Monfaucon,1,
Syria,2,
Bayonne,1,
Anticyre,1,
Valhalla,1,
Aschaffenburgh,1,
Atlantic Ocean,2,
Dresden,1,
Hannover,2,
Egypten,1,
Arad,1,
Heßbon,1,
Basan,1,
Armenien,1,
Jsrael,1,
Jtalien,1,
Jérusalem,4,
Syrie,3,
Liban,2,
Manvedge,1,
Antioche,1,
le mont Liban,1,
Gascony,2,
New Zealand,1,
Bicêtre,2,
Retz,1,
Saint-Germain,1,
Rocroi,2,
champ de Mars,1,
Greca,1,
Bantam,4,
Suede,3,
Turin,3,
Levant,5,
Lisbonne,2,
Brésil,1,
Cadix,1,
Pétesbourg,2,
Norvégue,1,
Lithuanie,1,
Aiguemortes,1,
Guyenne,1,
il canal grande,1,
Liege,1,
Brabant,1,
Hibernie,1,
Gibilterra,1,
Vigan,1,
Languedoc,3,
Orléans,1,
Atlas,1,
Mer Baltique,1,
Parnassus,1,
San Barnaba,2,
calle de Cerchieri,1,
San Bortolamio Calle della Biffa,1,
San Bortolamio,1,
Contrada di San Polo,1,
Guatemala,1,
Trèves,1,
Mayence,1,
Palatinat,1,
Gravesanda,1,
l’Eglise de St. Paul,2,
Bangor,2,
Hereford,1,
Salisbury,1,
Bristol,2,
Rochester,2,
Santiago,2,
Caffé de Furbiani,1,
Marais,1,
rue du Temple,1,
rue Mêlée,1,
porte du Temple,1,
Porte Saint-Denis,1,
La Rochelle,2,
S. Clavio,1,
Haut Sévilly,1,
Monne,1,
Donleroy,1,
Norfolk,3,
York,3,
Gresham,1,
Sorbonne,1,
Val-de-Grace,1,
Invalides,1,
Marly,1,
Sceaux,1,
Chantilly,1,
Charleroi,1,
Fleurus,1,
Belgique,1,
Valenciennes,1,
Condé,1,
Lake and Peninsula Borough,1,
ámbas Américas,1,
Lincoln,1,
Grub-street,1,
S .Barthelemi,1,
petite Bretagne,1,
Belluno,1,
Vendée,2,
ponte di San Polo,1,
Calle dei Savoneri,1,
San Basilio,1,
S. Paterniano,1,
Vigna,1,
nouvelle Zemble,1,
jardin du Luxembourg,1,
Thuileries,2,
6255148::Europe,1,
Rue des Boucheries-Richelieu,1,
Costanz,1,
Freyburg,1,
Brisgovia,1,
Argentina,1,
Danzica,2,
Augusta,1,
Posilippo,1,
Ghent,2,
Constantinopoli,1,
Vauréas,1,
Winchester,1,
Thébes,1,
Epire,1,
Mauritanie,1,
Lybie,1,
Palmire,1,
Orient,1,
Morgate,1,
Averse,1,
Dannemarck,1,
Norvége,1,
Hambourg,3,
Lubec,1,
Dantzig,1,
Lunebourg,1,
Vismar,1,
Upsal,1,
Dunkirk,2,
Dundee,1,
Banten,2,
Bavaria,1,
Caffé de Child,1,
Burgos,2,
Calicutte,1,
Messico,2,
San Giuliano,1,
Alessandrietta,1,
French Southern Territories,1,
Israele,3,
S. Domingo,1,
Ferney-Païs de Gex,1,
Vigo,1,
empire Romain,1,
Guiche,1,
Château-d’Olonne,1,
Burguillos,1,
Efeso,1,
Virginia,1,
Canadà,1,
Cina,1,
Perù,2,
Epiro,1,
Ponto,2,
Bersabea,1,
Sichem,1,
Siria,1,
Ilisso,1,
Newington,1,
Cacia,1,
Arbelles,1,
San Giovanni Laterano,1,
Santa Sofia,1,
Tiro,1,
Chioggia,3,
Trieste,1,
Burano,1,
Jutland,1,
Inglaterra,1,
Blenheim,1,
Etna,2,
Amiens,1,
Surry,1,
Gran Brettagna,1,
Bastille,2,
Place Vendôme,1,
Tetide,1,
Verulamio,1,
Vauschhall,1,
Vauschall,1,
Convent Garden,1,
Strant,1,
Balkan Peninsula,2,
Spanish Marianas Colony -1897,1,
Mamre Park,1,
Delphi,2,
Mont Ida,1,
Dreßden,2,
Braunschweig,1,
Halle,1,
Wittenberg,1,
Jena,1,
Helmstädt,1,
Erfurth,1,
Bautzen,1,
Görlitz,1,
place de Greve,3,
Francfort,1,
fauxbourg Saint-Antoine,1,
Babel,1,
Idalie,3,
Bondy,1,
Yemen,1,
Santiago de Compostela,1,
Stocks-Market,1,
Caffé de St. James,1,
Quai des Augustins,1,
Maroco,1,
Aveiro,1,
Wienn,1,
München,1,
Deutschland,2,
Bern,1,
Mecca,3,
Iceland,1,
Bergen,1,
Romsdalem,1,
Aix-en-Provence,2,
Pantin,1,
Maëstricht,1,
Nimègue,1,
Danemarck,2,
Champs Élisées,1,
Rovinj,1,
Giuda,1,
Vinegia,3,
Surate,1,
Portogalo,1,
Lydie,2,
champs Elisées,1,
Olynthe,1,
Bellonne,1,
Phrygie,1,
Saveuse,1,
Bethulie,1,
São José dos Campos,2,
Castillas,1,
Paraguay,1,
Castille,1,
Alger,3,
Pergamo,1,
convento de Yuste,1,
Las Galias,1,
Biberach an der Riss,1,
Repubblica Romana,1,
Spagne,2,
Quimper-Cornouaille Airport,1,
Tracia,1,
Ponte di Rialto,1,
Mestre,1,
Cambrai,2,
Alicante,2,
Champs Elysées,1,
Ténare,1,
Giappone,1,
champs Elizées,1,
mer rouge,1,
Jourdain,1,
Little-Britain,1,
Bedford-Row,1,
Hampstead,1,
Rue de St. Jacques,1,
Hyde-Park,2,
Argyle,1,
Hamilton,1,
Ivry-sur-Seine,2,
Anet,1,
Damasippo,1,
Alais,1,
Mastricht,1,
'Hant''s Harbour',1,
Lóndres,2,
Petersburgo,1,
Anatolia,1,
Delfo,1,
Troya,1,
Corfu,1,
Thessaloniki,1,
République d’Athénes,1,
Laxenburg,1,
Cataluña,1,
Cirra,1,
Aracinto,1,
Tosco,1,
Monreal,1,
Cabero,1,
París,1,
Derby,1,
Rotterdam,1,
Zelande,1,
Berg-op-Zoom,1,
Ararat,1,
Abbaïe de la Trape,1,
Cervo,1,
Shorham,2,
Swansea,1,
Canary Islands,3,
Madeira,1,
Languedoc-Roussillon,2,
Bas-Rhin,1,
Pennine Alps,1,
Estonia,1,
Latvia,1,
Normandia,1,
Libya,1,
Wellfleet,1,
Bencoolen,3,
Sumatra,5,
Topoy-Turvy,4,
Lacedemoni,2,
Sel,1,
Odensé,1,
Corinthe,1,
Baviera,1,
North Holland,2,
Texel,1,
Ibla,1,
Segovia,1,
Pulgosa Park,1,
Jombouctou,1,
place de Paris,1,
rue Saint-Denis,2,
Lodeve,1,
Saint-Cloud,1,
rue Vivienne,1,
Lodève,1,
Brazil,1,
Pompee Point,1,
Haymarket Theatre,3,
Broad St. Giles,1,
Whitechapel,1,
Theatre Royal,2,
Charing Cross,1,
Convent-garden,1,
Empire,1,
York Buldings,1,
Leadenhall Street,1,
Europea,1,
Nordlichen America,1,
Neu Mexico,1,
Babilonia,3,
Jouy,1,
Rovigno,1,
Istria,1,
Boemia,1,
Caprée,1,
Rennes,1,
Monbéliard,1,
Quirinal,1,
Sybérie,2,
Fontainebleau,1,
Parme,2,
Besançon,1,
Lowell,1,
Trent,1,
New Orleans,2,
Komka,1,
Cardigan,1,
Lower Germany (Roman province),1,
le Quartier de la Nouvelle Forêt,1,
Pompeii,1,
Coventrj,2,
gran Bertagna,1,
Babylone,1,
Lavinio,2,
Lavinia,1,
Vestminster,1,
S. Biagio alla Giudecca,1,
Gallie,1,
Pavia,1,
Trebia,1,
Lago Trasimeno,1,
Canne,1,
Romana,1,
Puglia,1,
Cornwall,2,
Tonbridge,1,
jardins de Ranelagh,1,
§!!Inghilterra,1,
Irlanda,1,
Teverone,1,
Abruzzo,1,
Créte,1,
Crete,2,
Nile River,1,
Ferney-Voltaire,2,
Autun,1,
république françoise,1,
Vauxhall gardens,1,
Ruckhold,1,
Champs-Élysées,2,
:Paris,1,
Palatin,1,
Aventin,1,
Remicour,1,
Beaucaire,1,
Nîmes,1,
Chambéry,1,
La Rioja,1,
Siguenza,1,
Micene,1,
Murcia,2,
Dasht-e Javālī Derī,2,
Paulatuk Airport,1,
Mantovano,1,
Giapone,1,
Rerone,1,
San Paterniano,1,
Castilla la Vieja,2,
Vaux-Hall,1,
rue Pagevin,1,
Seine,1,
Santo Domingo,1,
Martinique,2,
Pindo,2,
Castilla,1,
Levante,1,
Stafford,1,
Kent,1,
Canterbury,1,
Genoa,2,
toscana,1,
Laterina,1,
Palazzo vecchio,1,
Stiria,1,
Carintia,1,
Woodstock,2,
Laurentum,1,
Acate,1,
Cumberland,1,
Sommerset,1,
Saint-Denys,1,
Chaillot,1,
Yedo,1,
Lisieux,1,
Cithere,1,
Mytilene,1,
Es Sers,1,
Floresta,1,
Epheso,1,
Cerro Tucumán,1,
Mount Olympus,1,
Nineveh,1,
Copenaghen,2,
Piramides de Menfis,1,
Pamplona,1,
Saint-Barthelemi,1,
Montmorenci,1,
Dunquerque,1,
Graveline,1,
la Fléche,1,
Iles Marianes,1,
Hartfield,1,
Silesia,1,
Caire,3,
Berlina,1,
Giorgìa,1,
Béarn,1,
Drurilem,1,
Gênes,1,
Murignan,1,
Tours,1,
Venedig,1,
Wien,1,
Petersburg,1,
Holland,1,
Ungarn,1,
Ilio,1,
l’Olimpo,1,
l’Apennino,1,
Isola di Capri,1,
Gaeta,1,
Leicester Shire,1,
Cavendish-Square,1,
Tibere,1,
Agrigente,1,
Museo del Prado,3,
Villasequilla de Yepes,1,
Guinea,1,
River Tweed,1,
Topoy Turvy,1,
Boulogne-sur-Mer,1,
Jakarta,1,
Canareggio,1,
Aquila,1,
Salency,2,
Picardia,1,
Luxembourg Garden,1,
Hammersmith and Fulham,1,
Asaph,1,
Granico,1,
Pompejus,1,
Farsaglia,1,
Durazzo,1,
Vermenton,2,
Pétersbourg,1,
Guinée,1,
Guadeloupe,1,
Saint-Domingue,1,
Fauxbourg de S. Marceau,1,
fauxbourg S. Marceau,1,
Montagnana,1,
Canale di Grado,1,
Marca,1,
Emilia-Romagna,1,
The Marches,1,
Crema,2,
Newmarcket,1,
Cartagine,1,
Nova Scotia,1,
Gulf of Saint Lawrence,1,
Kensington Gardens,1,
Brato,1,
Hay Market,1,
Golden Square,1,
Wiltshire,1,
Leicester-fields,1,
Franc-fort sur le Meyn,1,
Pall-mall,1,
Covent,1,
Mall,1,
Epson,1,
Glasgow,1,
Andalucía,1,
la Mancha,1,
Puerta del Sol,1,
Hyde Park,1,
Laponia,1,
Europeo,1,
Terre Australi,1,
Osterstras,1,
Ingerstras,1,
Constatinople,1,
Romorantin-Lanthenay,1,
Anjou,1,
Angoulême,1,
Amboise,1,
Maine,1,
Dannemark,1,
Legnago,1,
Siracusa,2,
el Colegio de San Cárlos,1,
Logroño,1,
Retiro,1,
San Isidro,1,
Colegio Técnico Regional de San Carlos,1,
la calle de Alcalá,1,
Grotta del Turco Gaeta,1,
Las Américas International Airport,1,
monte Parnaso,1,
Carpineto della Nora,1,
Babylon,1,
Turquïe,1,
Savoïe,1,
Bender,1,
Loüisiane,1,
Terraglio,1,
Marsella,1,
Ephese,1,
Golconda,1,
Brama,1,
Lilibeo,1,
la Porte,4,
Tripolis,1,
Smyrne,1,
côtes de Barbarie,1,
Crimée,1,
Géorgie,1,
Paris 01 Ancien - Quartier Champs-Élysées,1,
Campanile di S. Marco,1,
Arabi,1,
Caffé Gascon,1,
Caffé Royal,1,
Orange,1,
Bosphore,1,
Loire,1,
Varnes,1,
Almagne,1,
république de Venise,1,
Candie,1,
Choczim,1,
Asié,1,
Pera,1,
Andrinople,1,
Transilvanie,1,
Moldavie,1,
Valachie,1,
Alep,1,
Bude,1,
Province of Mantua,1,
Nova Tebas,1,
Jericho,1,
S. Michele,1,
Avranches,1,
Fiandra,1,
Killingworth,1,
Idiolândia,1,
Dunkerque,1,
Liverpool,1,
Hymen,1,
W. W. Fynns,1,
Aschaffenburg,1,
Hanau,1,
via delle Merci,1,
Perú,1,
Wilna,1,
Rusia,1,
Champ de Mars,1,
faubourg Saint-Antoine,1,
Lapland,1,
