unique_id,normalization
work:W.0000,39
work:W.0001,A Demonstration Of The Being And Attributes Of God And Other Writings
work:W.0002,A Discourse Of Truth
work:W.0003,"A Mad World, My Masters"
work:W.0004,Ab Urbe Condita Libri
work:W.0005,Abeille
work:W.0006,Absalom And Achitophel
work:W.0007,Actes Des Apotres
work:W.0008,Adelphoe
work:W.0009,Adriano
work:W.0010,Aeneis
work:W.0011,Aesop's Fables
work:W.0012,Aglaüs
work:W.0013,Alaric
work:W.0014,Alcibiade
work:W.0015,Alessandro Nell’indie
work:W.0016,Alexandre Le Grand
work:W.0017,Alfonsinische Tafeln
work:W.0018,All For Love
work:W.0019,Alla Zaira
work:W.0020,Almanach
work:W.0021,Almanach De Liège
work:W.0022,Almanach Des Arts
work:W.0023,"Almanach Des Centenaires, Ou Durée De La Vie Humaine Au-dela De Cent Ans Demontrée Par Des Exemples Sans Nombre, Tant Anciens Que Modernes"
work:W.0024,Alzira
work:W.0025,Amadis
work:W.0026,Amadís De Gaula
work:W.0027,Aminta
work:W.0028,Aminte
work:W.0029,Amore Artigiano
work:W.0030,Amore Contadino
work:W.0031,"Amours, Amitiés & Amourettes"
work:W.0032,Amphitryon
work:W.0033,Amusement Philosophique Sur Le Langage Des Bêtes
work:W.0034,An Enquiry Into The Nature Of The Human Soul; Wherein The Immateriality Of The Soul Is Evinced From The Principles Of Reason And Philosophy
work:W.0035,An Essay Concerning Human Understanding
work:W.0036,An Essay On Man
work:W.0037,Andria
work:W.0038,Andromache
work:W.0039,Annales Des Provinces-unies
work:W.0040,Annals
work:W.0041,"Anti-machiavel, Ou Essai De Critique Sur Le Prince De Machiavel"
work:W.0042,Araucana
work:W.0043,Archivos Literarios De La Europa
work:W.0044,Ariadne Auf Naxos
work:W.0045,Arlequin Misantrope
work:W.0046,Arlequin Roi De Serendib
work:W.0047,Armide
work:W.0048,Arminius
work:W.0049,Ars Amatoria
work:W.0050,Ars Poetica
work:W.0051,Artamène Ou Le Grand Cyrus
work:W.0052,Arte Senza Regole Per Rendere Un Poeta Immortale Fuori Delle Gazzette E Nelle Gazzette. Lettera Di Soffolto Planomaco A N. N. Accademico Granellesco
work:W.0053,Arthénice Ou Les Bergeries
work:W.0054,Artémire
work:W.0055,Astro Dentifrangíbulo
work:W.0056,Astrée
work:W.0057,Atalia
work:W.0058,Atilla
work:W.0059,Atlantide
work:W.0060,Attila
work:W.0061,Atys
work:W.0062,Aulularia
work:W.0063,Aureng-zebe
work:W.0064,"Aurélia Ou Orléans Délivré, Poeme Latin Traduit En François"
work:W.0065,Avantures De L’aiman
work:W.0066,Avantures De Thélemaque
work:W.0067,Avare Jaloux
work:W.0068,Avis D’un Pere À Sa Fille
work:W.0069,Bagatelles
work:W.0070,Bagetelles
work:W.0071,Baron De La Crasse
work:W.0072,"Baron, Tan Deforme En Todas Sus Partes"
work:W.0073,Batino
work:W.0074,Batrocomiomachía
work:W.0075,Belianís De Grecia
work:W.0076,Bellum Catilinae
work:W.0077,Bible
work:W.0078,"Bibliopèa, O Sia L’arte Di Compor Libri"
work:W.0079,Biblioteca Periódica De Ciencias Y Arte
work:W.0080,Bibliothèque Ancienne Et Moderne : Pour Servir De Suite Aux Bibliothèques Universelle Et Choisie
work:W.0081,Bibliothèque Raisonnée
work:W.0082,Book I
work:W.0083,Book Of Isaiah
work:W.0084,Book Of Jeremiah
work:W.0085,Book Of Leviticus
work:W.0086,Brennoralt
work:W.0087,Brennoraut
work:W.0088,Brief An Pisones
work:W.0089,Britannicus
work:W.0090,Bruderzwist Oder Die Versöhnung
work:W.0091,"Brutus, La Mort De César"
work:W.0092,"Buch 4, Kapitel 3"
work:W.0093,Bucolica
work:W.0094,Bulle D’or
work:W.0095,Buona Figliuola
work:W.0096,Buscona
work:W.0097,Béverlei
work:W.0098,Canaux Navigables
work:W.0099,Canzoniere
work:W.0100,Caractéres
work:W.0101,Carm. Hortat. 133
work:W.0102,Carmen Seculare
work:W.0103,Carminum Libri
work:W.0104,Carnibus
work:W.0105,Cassandre
work:W.0106,Castor Et Pollux
work:W.0107,Catilina
work:W.0108,Cato Maior De Senectute
work:W.0109,Cato: A Tragedy
work:W.0110,"Celeo, O L’orto"
work:W.0111,Chansons Des Pendus
work:W.0112,Chap. I. Art. I.
work:W.0113,Chef D’œuvre
work:W.0114,Chismoso. Comedia En Tres Actos
work:W.0115,Cid
work:W.0116,Cimbelina
work:W.0117,Cinna
work:W.0118,Cinna Ou La Clémence D'auguste
work:W.0119,Circe
work:W.0120,Cistellaria
work:W.0121,Clarissa
work:W.0122,Clark’es Réfléxions On Amintor
work:W.0123,Cleomenes
work:W.0124,Cleone
work:W.0125,Cleveland
work:W.0126,"Clélie, Histoire Romaine"
work:W.0127,Cléomene
work:W.0128,Cléopatre
work:W.0129,Cognoscendis Et Curandis Morbis
work:W.0130,Coligny
work:W.0131,Commendando Studio Hippocratico
work:W.0132,Comte De Gabalis
work:W.0133,Concorde
work:W.0134,Conquérant & La Pauvre Femme
work:W.0135,Considérations Sur La Décadence De L’empire Romain
work:W.0136,Considérations Sur Les Causes De La Grandeur Des Romains Et De Leur Décadence
work:W.0137,Constitutions Des Principaux Etats De L'europe Et Des Etats-unis De L'amérique
work:W.0138,Contes Des Fées
work:W.0139,Contes Turcs
work:W.0140,Contra Deum Pugnare Non Est Facile
work:W.0141,Conversaciones Instructivas Entre El Padre Fray Bertoldo... Y Don Terencio...
work:W.0142,Correo De Sevilla
work:W.0143,Corvo
work:W.0144,Courier Politique & Galant
work:W.0145,Courrier D'avignon
work:W.0146,Coutumes Du Beauvaisis
work:W.0147,Critique Des Critiques D’inès De Castro
work:W.0148,Cromwell
work:W.0149,Cyropaedia
work:W.0150,Cyrus
work:W.0151,Dannemarks Riges Historie
work:W.0152,Daphnis Et Eglé
work:W.0153,Das Befreite Jerusalem
work:W.0154,Das Fegefeuer
work:W.0155,Das Leiden Des Jungen Werthers
work:W.0156,Das Paradies
work:W.0157,Das Schiffstau
work:W.0158,Das Vaterunser
work:W.0159,Das Verlorene Paradies
work:W.0160,Davideis
work:W.0161,De Arte Poetica
work:W.0162,De Beneficiis
work:W.0163,De Coniuratio Catilinae
work:W.0164,De Consideratione
work:W.0165,De Consolatione Philosophiae
work:W.0166,De Dignitate Et Augmentis Scientiarum
work:W.0167,De Divinatione
work:W.0168,De Finibus
work:W.0169,"De L'égalité Des Deux Sexes, Discours Physique Et Moral Où L'on Voit L'importance De Se Défaire Des Préjugés"
work:W.0170,De La Priere
work:W.0171,De Medicina Brasiliensi
work:W.0172,De Mor. Germania
work:W.0173,"De Natura Animalium, Book Iv"
work:W.0174,De Natura Deorum
work:W.0175,"De Off. I. 2, C. 18"
work:W.0176,De Officiis
work:W.0177,De Oratore
work:W.0178,De Raptu Proserpinae
work:W.0179,De Senectute
work:W.0180,Decameron
work:W.0181,Della Consolazione
work:W.0182,Della Fisica Riduzione Della Maremma Senese
work:W.0183,Della Medicina Usata Da’medici Nelle Malattie Loro
work:W.0184,"Delle Malattie Che Attaccano Gli Europei Ne’climi Caldi, E Nelle Lunghe Navigazioni"
work:W.0185,Dello Spirito
work:W.0186,Demofoonte
work:W.0187,Demonact
work:W.0188,"Demonstration De L’existence De Dieu, Tirée De La Connoissance De La Nature, & Proportionnée À La Foible Intelligence Des Plus Simples, Par Messire François De Salignac, De La Mothe Fenelon, Archevêque De Cambrai"
work:W.0189,Demosthene
work:W.0190,Der Arzt Wider Willen
work:W.0191,Der Bürgerkrieg
work:W.0192,Der Canzoniere
work:W.0193,Der Galateo. Traktat Über Gute Sitten
work:W.0194,Der Gefesselte Prometheus
work:W.0195,Der Kaufmann Von Venedig
work:W.0196,Der Reichtum
work:W.0197,"Der Sturm, Oder Die Bezauberte Insel"
work:W.0198,"Der Tod Adams, Ein Trauerspiel"
work:W.0199,Der Zigeunerbaron
work:W.0200,Derniéres Paroles Des Futurs Pendus
work:W.0201,Diario
work:W.0202,Diario De Barcelona
work:W.0203,Diario De Cartagena
work:W.0204,Diario De Los Sabios
work:W.0205,Diario De Medicina
work:W.0206,Dictionnaire De L’académie Française
work:W.0207,Dictionnaire De Morery
work:W.0208,Dictionnaire Encyclopédique
work:W.0209,Dictionnaire Historique Et Critique
work:W.0210,Didone
work:W.0211,Die Abenteuer Des Telemach
work:W.0212,Die Belohnte Jugend
work:W.0213,Die Dichtkunst
work:W.0214,Die Edle Lüge
work:W.0215,Die Gelehrten Frauen
work:W.0216,Die Gespensterkomödie
work:W.0217,Die Hochzeit Des Figaro
work:W.0218,Die Lusiaden
work:W.0219,Die Lustigen Weiber Von Windsor
work:W.0220,Die Schelmenstreiche Scapins
work:W.0221,Die Troerinnen
work:W.0222,Die Wolken
work:W.0223,Digression Sur Les Anciens Et Les Modernes
work:W.0224,Discorso Sopra La Morte Di Iacopo Matteo Reinart Mastro Calzolaio
work:W.0225,Discours Sur La Liberté De Penser
work:W.0226,"Discours Sur La Liberté De Penser, Et De Raisonner Sur Les Matieres Les Plus Importantes"
work:W.0227,Discours Sur Les Sciences Et Les Arts
work:W.0228,"Discours Touchant La Liberté De Penser, Occasionné Par L’origine, & Par Les Progrez D’une Secte Appellée Esprits-forts"
work:W.0229,Dissert. Crit.
work:W.0230,Dissertatio Gradualis De Amicitia Devota Veterum Hyperboreorum Vulgo Fostbraedalag
work:W.0231,Dissertation Critique Sur L’iliade
work:W.0232,Dissertation Sur Le Poème Épique Contre La Doctrine De M. D.
work:W.0233,Divina Commedia
work:W.0234,Dizionario Del James
work:W.0235,Domenico Maria
work:W.0236,Don Quixote
work:W.0237,Doña Inés De Castro
work:W.0238,Dr. Tillotson
work:W.0239,Drittes Buch Mose
work:W.0240,Défense De L’astrologie
work:W.0241,Défense Du Gouvernement Patriarchal
work:W.0242,Démophon
work:W.0243,Eclogues
work:W.0244,Ecole Du Monde
work:W.0245,Ecritures Saintes
work:W.0246,Edele De Ponthieu
work:W.0247,"Edgar, Or The English Monarch"
work:W.0248,Edipo
work:W.0249,Edit De Nantes
work:W.0250,Edit De Nîmes
work:W.0251,Edouard And Eleonore
work:W.0252,Efemérides De La Ilustracion De España
work:W.0253,Ekloge
work:W.0254,El Anti-regañón General
work:W.0255,El Apologista Universal
work:W.0256,El Café
work:W.0257,El Califa
work:W.0258,El Castigo De La Miseria
work:W.0259,El Catón Compostelano
work:W.0260,El Censor
work:W.0261,El Charlatán
work:W.0262,El Chismoso
work:W.0263,El Correo De Los Ciegos
work:W.0264,El Correo De Murcia
work:W.0265,El Correo Mercantil De España Y Sus Indias
work:W.0266,El Corresponsal Del Censor
work:W.0267,El Cuerdo Loco
work:W.0268,El Curioso Entretenido
work:W.0269,El Diario De Madrid
work:W.0270,El Discreto
work:W.0271,El Filósofo Á La Moda
work:W.0272,El Gran Verco De Viena
work:W.0273,El Gusto Del Día: Comedia Original En Dos Actos
work:W.0274,El Hechizado Por Fuerza
work:W.0275,El Hipócrita Sentimental
work:W.0276,El Hombre De Tres Caras
work:W.0277,El Juzgado Casero
work:W.0278,El Manolo
work:W.0279,El Marinerito
work:W.0280,El Memorial Literario
work:W.0281,"El Memorial Literario, Instructivo Y Curioso De La Corte De Madrid"
work:W.0282,El Mercurio
work:W.0283,El Mercurio Peruano
work:W.0284,El Olfato De La Noche
work:W.0285,El Pasagonzalo
work:W.0286,El Pensador
work:W.0287,El Regañón De La Havan
work:W.0288,El Regañón General
work:W.0289,El Semanario De Salamanca
work:W.0290,El Traductor
work:W.0291,El Viage Á Grecia
work:W.0292,El Viajante Desconocido
work:W.0293,El Viajero Universal O Noticia Del Mundo Antiguo Y Nuevo
work:W.0294,El Zeloso Confundido
work:W.0295,El Zeloso Y La Tonta
work:W.0296,Elegie
work:W.0297,Elettra
work:W.0298,Elixir Salutis
work:W.0299,Elsevir
work:W.0300,En Esta Vida Todo Es Verdad Y Todo Es Mentira
work:W.0301,Enchiridion Metaphysicum
work:W.0302,Encyclopedia
work:W.0303,"Encyclopédie Ou Dictionnaire Raisonné Des Sciences, Des Arts Et Des Métiers"
work:W.0304,Enea
work:W.0305,Enea Nel Lazio
work:W.0306,Eneide
work:W.0307,"Entretiens Du Diable Borgne, & Du Diable Boiteux"
work:W.0308,"Entretiens Physiques D'ariste Et D'eudoxe, Ou Physique Nouvelle En Dialogues"
work:W.0309,Entretiens Sur La Pluralité Des Mondes
work:W.0310,Ephese
work:W.0311,Epicoene Or The Silent Woman
work:W.0312,Epigramm
work:W.0313,Epigrammaton Libri Duodecim
work:W.0314,Epistles
work:W.0315,"Epistles Xiv, Book I"
work:W.0316,"Epistles, Book I"
work:W.0317,Epistole Poetiche
work:W.0318,Epistulae Ad Familiares
work:W.0319,Epistulae Ex Ponto
work:W.0320,Epistulae Morales
work:W.0321,Epistulae Morales Ad Lucilium
work:W.0322,Epodes
work:W.0323,Ercole Al Bivio
work:W.0324,Esame Di Un Libro Sopra La Maremma Senese
work:W.0325,Esclavos Supuestos
work:W.0326,Esculapio
work:W.0327,Esope À La Cour
work:W.0328,Essai
work:W.0329,Essai Concernant L’entendement Humain
work:W.0330,Essai Philosophique Sur L’entendement Humain
work:W.0331,Essai Sur L'âme Des Bêtes
work:W.0332,Essai Sur L’amélioration Des Terres
work:W.0333,Essai Sur L’histoire Universelle Depuis Charlemagne
work:W.0334,Essais
work:W.0335,"Essais De Morale, Contenus En Divers Traités Sur Plusieurs Devoirs Importans"
work:W.0336,Essais Sur Divers Sujets De Littérature Et De Morale
work:W.0337,Esther
work:W.0338,"Estratto Da’più Celebri Autori Sì Editi Che Inediti, Che Hanno Trattato Della Diversa Coltivazione, Ed Usi Varj Delle Patate"
work:W.0339,Eugénie
work:W.0340,Eunuchus
work:W.0341,Evangelium
work:W.0342,Evangelium Nach Lukas
work:W.0343,Evangile
work:W.0344,Evening Post
work:W.0345,Examen De La Religion
work:W.0346,"Exod., Cap. Xxi, V. 16"
work:W.0347,Fabel
work:W.0348,Faiseurs De Bevûes
work:W.0349,Fanatismo
work:W.0350,Farsaglia
work:W.0351,Favola Delle Tre Melarance
work:W.0352,Favola D’aristeo
work:W.0353,Feüilles Politiques
work:W.0354,Fierabras
work:W.0355,"Filosofia, Ed Amore"
work:W.0356,Filosofía Médica De Lafon
work:W.0357,Foglio Economico
work:W.0358,Folle Sageße
work:W.0359,Free-thinker
work:W.0360,Funerailles
work:W.0361,Gaceta De Madrid
work:W.0362,Galatea
work:W.0363,Gasconniana
work:W.0364,Gazeta
work:W.0365,"Gazeta De Comercio, Literatura Y Politica De Bayona De Francia"
work:W.0366,Gazeta De Goatemala
work:W.0367,Gazeta Española
work:W.0368,Gazette
work:W.0369,Gazette De Paris
work:W.0370,Gazette Des Mœurs
work:W.0371,Gazette Rimée D’amsterdam
work:W.0372,Gazzetta
work:W.0373,Gazzetta Economica
work:W.0374,Gazzetta Veneta
work:W.0375,Genesis
work:W.0376,George Dandin Oder Der Beschämte Ehemann
work:W.0377,Georgica
work:W.0378,Georgiche
work:W.0379,Germania
work:W.0380,Gerusalemme Liberata
work:W.0381,Gesänge Des Ossian
work:W.0382,Gioanna Shore
work:W.0383,Giocondi Uomini Toscani
work:W.0384,Giorgio Dandino
work:W.0385,Gli Errori Del Voltaire
work:W.0386,Gli Uccelli
work:W.0387,Gongam
work:W.0388,Gordon Grammatica Geografica
work:W.0389,Gorgias
work:W.0390,Gottfried Von Bulljon
work:W.0391,Gov. Della Fan.
work:W.0392,Gressier Solaire
work:W.0393,Guerre De Catilina
work:W.0394,Guerre Jugurthine
work:W.0395,Guide Du Pelerin
work:W.0396,Gulliver's Travels
work:W.0397,Gustavus Vasa
work:W.0398,Hamlet
work:W.0399,"Hans Beer-pot, His Invisible Comedy Of See Me, And See Me Not"
work:W.0400,Hecyra
work:W.0401,Henri Et Perrine
work:W.0402,Henri Viii
work:W.0403,Herodot
work:W.0404,Heroides
work:W.0405,Hippolyt
work:W.0406,His. Nat.
work:W.0407,Hist. De La Guerre Des Juifs Contre Les Romains
work:W.0408,Histoire Amoureuse Des Gaules
work:W.0409,Histoire De Carthage
work:W.0410,Histoire De Crête
work:W.0411,Histoire De Juan De Portugal Fils De D. Pedre Et D'ines De Castro
work:W.0412,Histoire De L'académie Française
work:W.0413,Histoire De La Princesse De Gonsague
work:W.0414,Histoire De La Societé Royale
work:W.0415,Histoire De Saladin
work:W.0416,Histoire De Son Temps
work:W.0417,Histoire De Walstein
work:W.0418,"Histoire Des Juifs, Depuis Jesus-christ Jusqu'à Présent"
work:W.0419,Histoire Des Ouvrages Des Ignorans
work:W.0420,Histoire Des Révolutions D'espagne
work:W.0421,Histoire Des Révolutions De Pologne
work:W.0422,Histoire Des Révolutions De Suède
work:W.0423,Histoire Des Sévarambes
work:W.0424,Histoire Du Calendrier
work:W.0425,Histoire Du Costume
work:W.0426,Histoire D’angleterre
work:W.0427,Histoire Romaine
work:W.0428,"Historia Critica De España, Y De La Cultura Española"
work:W.0429,Historia Ecclesiastica
work:W.0430,Historia Naturalis
work:W.0431,Historiae Alexandri Magni Macedonis
work:W.0432,"Homer, Traduit Par M. * * *"
work:W.0433,Homère Vengé
work:W.0434,Horace
work:W.0435,Horacios De Cimarosa
work:W.0436,Hudibras
work:W.0437,Hudibrat
work:W.0438,Héraclius
work:W.0439,I. 8. E. I
work:W.0440,Idilio De Gesnero
work:W.0441,Idille
work:W.0442,Idillii
work:W.0443,Idylle
work:W.0444,Ifigenia In Aulide
work:W.0445,Ignez
work:W.0446,Il Cane Di Diogene
work:W.0447,Il Dente Posticcio
work:W.0448,Il Libro Del Cortegiano
work:W.0449,Il Messia
work:W.0450,Il Newtonianismo Per Le Dame Ovvero Dialoghi Sopra La Luce E I Colori
work:W.0451,Il Pastor Fido
work:W.0452,Il Quadro D’imeneo
work:W.0453,Il Tasso Canto
work:W.0454,Iliad
work:W.0455,Imeneo
work:W.0456,Inferno
work:W.0457,Institution De La Religion Chrétienne
work:W.0458,"Instituto Oratoria, Book X"
work:W.0459,Intelligenzblatt
work:W.0460,Introductio In Universam Geographiam
work:W.0461,Introduction À L'histoire Générale Et Politique De L'univers
work:W.0462,Iphigenia In Tauris
work:W.0463,Iphigénie
work:W.0464,Istoria Degli Uccelli Tom. 4. In Firenze 1773
work:W.0465,Istruzione A’giusdicenti Del Granducato Di Toscana
work:W.0466,Jerusalem
work:W.0467,"Jesu, Lexicon Biblicum"
work:W.0468,Joconde
work:W.0469,Joseph
work:W.0470,"Journal De Comerce, De Politique, Et De Litterature"
work:W.0471,Journal De Paris
work:W.0472,Journal Des Arts
work:W.0473,Journal Des Coulisses
work:W.0474,Journal Politique De Bouillon
work:W.0475,Juge De La Campagne
work:W.0476,King Lear
work:W.0477,Kleitophon
work:W.0478,Kohelet
work:W.0479,Koran
work:W.0480,L'ami Du Peuple
work:W.0481,L'héautontimorouménos
work:W.0482,L'ordre Des Francs-maçons Trahi Et Le Secret Des Mopses Révélé
work:W.0483,"L'ordre Profond Et L'ordre Mince, Considérés Par Rapport Aux Effets De L'artillerie"
work:W.0484,"L'écumoire, Ou Tanzaï Et Néadarné"
work:W.0485,L'élève De Terpsicore Ou Le Nourrisson Dans Le Satin
work:W.0486,La Araucana
work:W.0487,La Aurora
work:W.0488,La Bagatelle
work:W.0489,La Bataille De Porus
work:W.0490,La Bella Mano
work:W.0491,La Bibliothèque Des Dames
work:W.0492,La Bona Mare
work:W.0493,La Bouche De Fer.
work:W.0494,La Buscona Ó El Anzuelo De Fenisa
work:W.0495,La Béatitude Chrétienne
work:W.0496,La Campagne
work:W.0497,La Casa Nuova
work:W.0498,La Casualidad Á Media Noche
work:W.0499,"La Clef Des Interêts Simples & Composez, Contentant Des Regles Pratiques Claires & Étendues, Pour Toutes Sortes D’interets, & Pour Les Termes Du Payement, Quels Qu’ils Puissent Être"
work:W.0500,La Comedia Nueva Ó El Cafe: Comedia En Dos Actos En Prosa
work:W.0501,"La Compagnia Dei Salvadeghi, O Sia I Rusteghi"
work:W.0502,La Comtesse De Vergi
work:W.0503,La Esposa Delinqüente
work:W.0504,La Estrella De Sevilla
work:W.0505,La Familia Árabe
work:W.0506,La Fausseté Des Vertus Humaines
work:W.0507,La Fête De La Cinquantaine
work:W.0508,La Force De L’amour
work:W.0509,La Forest De Windsor
work:W.0510,La Franciade
work:W.0511,La Gazeta
work:W.0512,La Gazeta De Bayona De Francia
work:W.0513,La Gazeta Literaria
work:W.0514,La Gazette
work:W.0515,La Gazette D’hollande
work:W.0516,La Henriade
work:W.0517,La Lanterne Magique.
work:W.0518,La Ligue
work:W.0519,La Logique Ou L'art De Penser
work:W.0520,La Lugareña Orgullosa
work:W.0521,La Magdelaine Au Désert De La Sainte-baume En Provence
work:W.0522,La Maniére De Bien Penser Dans Les Ouvrages D’esprit
work:W.0523,"La Metamorphose Des Haillons, La Metamorfosi De’cenci"
work:W.0524,"La Mogigata: Comedia En Tres Actos, En Verso"
work:W.0525,"La Morale Chrétienne Abrégée, Et Réduite À Ses Principaux Devoirs"
work:W.0526,La Mort De Caesar
work:W.0527,La Moza De Cántaro
work:W.0528,La Muger Zelosa
work:W.0529,La Muger Zelosa. Comedia En Cinco Actos En Prosa
work:W.0530,La Métromanie
work:W.0531,La Música
work:W.0532,La Nouvelle Encyclopédie
work:W.0533,La Orgullosa. Comedia En Tres Actos
work:W.0534,La Pensadora Gaditana
work:W.0535,La Pharmacopée
work:W.0536,La Pierre Philosophale Des Dames
work:W.0537,La Pintura
work:W.0538,La Poetica Alla Moda
work:W.0539,La Princesse De Montpensier
work:W.0540,La Prude
work:W.0541,La Pucelle
work:W.0542,La Pucelle D’orléans
work:W.0543,La Quintessence
work:W.0544,La Religion
work:W.0545,La Religion Chrétienne Prouvée Par Les Faits
work:W.0546,La Religion Du Medecin
work:W.0547,La Religion Du Saique
work:W.0548,La Ruine D’annibal
work:W.0549,La Sagesse De Salomon
work:W.0550,La Serva Senza Padrone
work:W.0551,La Sofía
work:W.0552,La Spectatrice
work:W.0553,La Spectatrice Danoise
work:W.0554,La Spectatrice Danoise Ou L’aspasie Moderne
work:W.0555,La Titiada
work:W.0556,La Tragédie De Sémiramis
work:W.0557,La Vie De Marianne
work:W.0558,La Vérité De La Religion Chrétienne
work:W.0559,Laelius Über Die Freundschaft
work:W.0560,Le Bourru Bienfaisant
work:W.0561,Le Calcul De Jouvence
work:W.0562,Le Carnaval Du Parnasse
work:W.0563,Le Censeur
work:W.0564,Le Censeur Ou Caractères Des Mœurs De La Haye
work:W.0565,Le Chef-d'œuvre Inconnu
work:W.0566,"Le Chef-d’oeuvre D’un Inconnu, Par Le Dr. Mathanasius"
work:W.0567,Le Cid
work:W.0568,Le Comte Essex
work:W.0569,Le Comédien
work:W.0570,Le Dernier Coup De Pinceau
work:W.0571,Le Devin Du Village
work:W.0572,"Le Doyen De Killerine, Histoire Morale Composée Sur Les Mémoires D’une Illustre Famille D’irlande"
work:W.0573,Le Droit & L’obligation De Penser Librement
work:W.0574,"Le Droit Public De L’europe, Fondé Sur Les Traités"
work:W.0575,"Le Fils Naturel, Ou Les Épreuves De La Vertu"
work:W.0576,Le Fragment De Tite-live
work:W.0577,"Le Français À Londres, Comédie En Un Acte Et En Prose"
work:W.0578,Le Gardien
work:W.0579,Le Gouvernement De La Langue
work:W.0580,Le Joueur
work:W.0581,Le Journal Des Sçavans
work:W.0582,Le Journal Encyclopédique
work:W.0583,Le Jubilé
work:W.0584,Le Livre De Job
work:W.0585,Le Lutrin
work:W.0586,Le Mendiant De La Cour
work:W.0587,Le Mentor Moderne
work:W.0588,Le Mercure
work:W.0589,Le Mercure De France
work:W.0590,Le Mercure Galant
work:W.0591,Le Miroir
work:W.0592,Le Miroir Du Gouvernement
work:W.0593,Le Misanthrope Ou L’atrabilaire Amoureux
work:W.0594,Le Misantrope
work:W.0595,Le Monde Comme Il Est
work:W.0596,Le Médecin Malgré Lui
work:W.0597,Le Nouveau Spectateur
work:W.0598,Le Nouveau Spectateur François
work:W.0599,Le Parfait Ambassadeur
work:W.0600,"Le Parfait Capitaine, Autrement L’« abregé » Des Commentaires De César"
work:W.0601,"Le Philosophe Anglais, Ou Histoire De Monsieur Cleveland, Fils Naturel De Cromwell"
work:W.0602,Le Postillon
work:W.0603,Le Pourceau A Perdu Sa Perle
work:W.0604,Le Père De Famille
work:W.0605,Le Renard Et Le Buste
work:W.0606,Le Siècle De Louis Xiv
work:W.0607,Le Socrate Moderne
work:W.0608,"Le Sopha, Conte Moral"
work:W.0609,Le Sorcier
work:W.0610,Le Spectacle De La Nature
work:W.0611,Le Spectateur
work:W.0612,Le Spectateur Anglois
work:W.0613,Le Spectateur Français
work:W.0614,Le Spectateur Français Ou Le Socrate Moderne
work:W.0615,Le Spectateur François
work:W.0616,Le Spectateur François Ou Journal Des Moeurs
work:W.0617,Le Spectateur François Ou Le Nouveau Socrate Moderne
work:W.0618,Le Spectateur François Pour Servir De Suite À Celui De M. De Marivaux
work:W.0619,"Le Spectateur, Ou Le Socrate Moderne"
work:W.0620,Le Vol D’une Boucle De Cheveux
work:W.0621,Le Vrai Moïen De Vivre Plus De Cent Ans Dans Une Santé Parfaite
work:W.0622,"Leg. 14, Cod. De Adv."
work:W.0623,Leggío
work:W.0624,Les Agréments Du Langage Réduits À Leurs Principes
work:W.0625,Les Amours De Cassandre
work:W.0626,Les Amusements De La Campagne Ou Le Défi Spirituel
work:W.0627,"Les Annales Patriotiques Et Littéraires De La France, Et Affaires Politiques De L’europe. Journal Libre Par Une Société D’écrivains Patriotes"
work:W.0628,Les Aventures De Télémaque
work:W.0629,Les Bijoux Indiscrets
work:W.0630,Les Bons Mots De Charles Ii
work:W.0631,Les Caracteres
work:W.0632,Les Caractères Ou Les Mœurs De Ce Siècle
work:W.0633,Les Charmes De La Solitude
work:W.0634,Les Chiffons
work:W.0635,Les Cocus De Londres
work:W.0636,Les Commentaires Royaux De Pérou
work:W.0637,Les Confessions
work:W.0638,Les Confessions D’un Fat
work:W.0639,Les Contes Arabes
work:W.0640,"Les Coups De Patte Du Frère Nicolas, Par M. L. B. D. B. Première Estafilade"
work:W.0641,Les Dialogues À L’imitation De Lucien Par M. * * *
work:W.0642,"Les Délices Du Danemark Enrichis De Cartes Géographiques Et De Vues Perspectives Très Exactes Des Villes, Châteaux Etc."
work:W.0643,"Les Ennuis Du Carnaval, Comédie En Vers"
work:W.0644,Les Essais
work:W.0645,Les Femmes Savantes
work:W.0646,Les Francs-maçons Écrasés
work:W.0647,Les Fâcheux
work:W.0648,Les Fêtes Vénitiennes
work:W.0649,Les Grâces
work:W.0650,Les Génies Assistans & Les Gnômes Irréconciliables
work:W.0651,Les Indes Galantes
work:W.0652,Les Leçons De La Sagesse Sur Les Défauts Des Hommes
work:W.0653,Les Liaisons Dangereuses
work:W.0654,Les Lunes Du Cousin Jacques
work:W.0655,Les Moyens De Prévenir La Ruine Des Chrétiens
work:W.0656,Les Nouvelles Litteraires
work:W.0657,Les Pensées
work:W.0658,Les Plaintes Des Protestans
work:W.0659,Les Plaintes Des Protestants Cruellement Opprimés Dans Le Royaume De France
work:W.0660,Les Plaisirs Innocens De La Vie Rustique
work:W.0661,Les Poëtes Modernes
work:W.0662,Les Prophetes Modernes
work:W.0663,Les Précieuses Ridicules
work:W.0664,Les Souhaits
work:W.0665,Les Traitez Secrets & Les Négociations Du Maréchal
work:W.0666,Les Travaux De L´institut National
work:W.0667,Les Vaporeux : Livre À L’usage Des Cavaliers Ennuïeux & Des Dames Ennuiées.
work:W.0668,"Les Vertus Du Camphre, Avec Des Avis Pour Faire Du Thé Camphré"
work:W.0669,Les Visions De Mirza
work:W.0670,Les Élémens
work:W.0671,Lettera Riguardante Il Lusso
work:W.0672,Lettere De’morti A’vivi
work:W.0673,Lettere Di Sofronia
work:W.0674,Lettere Persiane
work:W.0675,"Letters, Book Ii, Letter 1"
work:W.0676,Lettre Sur Les Anglois
work:W.0677,Lettres
work:W.0678,Lettres Athéniennes
work:W.0679,Lettres De Mme. De Sévigné
work:W.0680,Lettres Escrites Par Monsieur Le Comte De La Chapelle A Diverses Personnes La Veille De Sa Mort
work:W.0681,Lettres Galantes De Monsieur Le Chevalier D’her * * *
work:W.0682,Lettres Galantes Du Chevalier D’her***
work:W.0683,"Lettres Galantes Et Philosophiques, Par Mademoiselle De * * *"
work:W.0684,Lettres Judaїques
work:W.0685,Lettres Pastorales De Monseigneur L'évêque De Londres Aux Fidèles De Son Diocèse
work:W.0686,Lettres Persanes
work:W.0687,Lettres Provinciales
work:W.0688,Lettres Écrites Par Louis De Montalte À Un Provincial De Ses Amis Et Aux R.R. Pères Jésuites
work:W.0689,Levitikus
work:W.0690,Lib Xi. C. 2
work:W.0691,Lib. 2 In Ruf
work:W.0692,"Lib. 21, Cap. I."
work:W.0693,Lib. I. Cap. 3
work:W.0694,Lib. Iii. C. 65
work:W.0695,Lib. Iii. Ch. 8
work:W.0696,Lib. X. Cap. 50
work:W.0697,"Lib. Xv, Ch. 5, Del’esclavage Dei Nègres"
work:W.0698,"Liber Fabularum, Book Iii"
work:W.0699,Liberté De Penser
work:W.0700,Libri
work:W.0701,Libro
work:W.0702,Libro D’oro
work:W.0703,Livre Des Bons Mots
work:W.0704,Livre Des Martyrs
work:W.0705,Lob Des Demosthenes
work:W.0706,Logique En Forme D'entretiens
work:W.0707,London Chronicle
work:W.0708,Los Dos Presos
work:W.0709,Los Eruditos A La Violeta
work:W.0710,Los Menestrales
work:W.0711,Love For Love
work:W.0712,Lumi
work:W.0713,Lux Orientalis
work:W.0714,Lysis
work:W.0715,L’abregé D’ L’ Education
work:W.0716,L’almanach De La St Jean
work:W.0717,L’amore Di Dio
work:W.0718,L’amour Produit L’amour
work:W.0719,L’année Littéraire
work:W.0720,L’arithmetique
work:W.0721,L’art Poétique
work:W.0722,L’arte Del Tacere
work:W.0723,L’association Des Idées
work:W.0724,L’astrée
work:W.0725,L’atalia
work:W.0726,"L’autre Jour Colin Malade, &c"
work:W.0727,L’avare
work:W.0728,L’avare Amoureux
work:W.0729,L’avare Ou L’école Du Mensonge
work:W.0730,L’ecriture Sainte
work:W.0731,L’education Des Gens De Qualité
work:W.0732,L’eloquence Du Tems
work:W.0733,L’eloquence Du Tems Par Mr...De L’académie Françoise
work:W.0734,L’esame Dell’esame
work:W.0735,L’esprit Des Lois
work:W.0736,L’eunuque
work:W.0737,L’europe Galante
work:W.0738,"L’habitant De La Guadeloupe, Comédie En Trois Actes"
work:W.0739,L’histoire Ancienne
work:W.0740,L’histoire De Gil Blas De Santillane
work:W.0741,L’histoire Naturelle Du Comté De Strafford
work:W.0742,"L’histoire Naturelle, Générale Et Particulière Avec La Description De Cabinet Du Roy"
work:W.0743,L’homme Démasqué
work:W.0744,L’homme Machine
work:W.0745,L’innocent Adultere
work:W.0746,L’innocenza Vendicata
work:W.0747,L’inquisiteur
work:W.0748,L’isle Des Goulus
work:W.0749,L’observateur Littéraire
work:W.0750,L’oceana
work:W.0751,L’oracle
work:W.0752,L’orpheline
work:W.0753,L’unzione Del Reale Profeta Davidde
work:W.0754,L’école Des Femmes
work:W.0755,Macbeth
work:W.0756,Machabées
work:W.0757,Mahomet Der Prophet
work:W.0758,Manni
work:W.0759,Mariages Persans
work:W.0760,Mariamne
work:W.0761,Marianna
work:W.0762,Marianne
work:W.0763,Marot
work:W.0764,"Marte, E Amore"
work:W.0765,Marzocco
work:W.0766,Massime Cinesi
work:W.0767,Maximes
work:W.0768,Medea A Giasone
work:W.0769,Medicina Gymnastica
work:W.0770,Medico A Suo Dispetto
work:W.0771,Memorab.
work:W.0772,Memorias Destructivas
work:W.0773,Menschenhass Und Reue
work:W.0774,Mercure
work:W.0775,Mercures Galants
work:W.0776,Mercurio De España
work:W.0777,"Met., Lib. 15"
work:W.0778,Metamorphoses
work:W.0779,Metodo
work:W.0780,Mezenzio
work:W.0781,Mille & Une Nuit
work:W.0782,Minuetto
work:W.0783,Misanthrope
work:W.0784,Misantropo
work:W.0785,Misantropía
work:W.0786,Mithridate
work:W.0787,Mondo Ben Perduto
work:W.0788,Mondo Morale
work:W.0789,Monsieur De Pourceaugnac
work:W.0790,Moreto
work:W.0791,Morgante
work:W.0792,Moribus Antiquis
work:W.0793,Morta Di Cesare
work:W.0794,Morte D’abelle
work:W.0795,Méchant
work:W.0796,Médée
work:W.0797,Mémoires De La Baronne De Saint-clair
work:W.0798,Mémoires De La Mer Mediterranée
work:W.0799,Mémoires De La Nouvelle Atlantide
work:W.0800,Mémoires De Mme. Du Noyer
work:W.0801,Mémoires Du Comte De Grammont
work:W.0802,Mémoires Pour Servir À L’histoire De La Vertu: Extraits Du Journal D'une Jeune Dame
work:W.0803,Ménagiana
work:W.0804,Nanine
work:W.0805,"Naturalis Historia, Book Vii"
work:W.0806,Navigazione D’enea
work:W.0807,Nazoli
work:W.0808,Nelle Carte De’miei Confratelli Pellegrini
work:W.0809,Nephelai
work:W.0810,New Testament
work:W.0811,Nitétis
work:W.0812,Notte Critica
work:W.0813,Notte Critica Per Introduzione Alle Recite Autunnali Dell’anno 1760
work:W.0814,Nouveau Choix De Poesies Morales Et Chrétiennes
work:W.0815,Nouveau Diogène
work:W.0816,"Nouveautés Dediées À Gens De Differens Etats, Depuis La Charruë Jusqu'au Sceptre"
work:W.0817,Nouveaux Essais De Morale
work:W.0818,Nouvelles Considérations Sur L’histoire.
work:W.0819,Nouvelles De La République Des Lettres
work:W.0820,"Nouvelles D’antoine-françois Grazzini, Dit Le Lasca"
work:W.0821,Nova Atlantis
work:W.0822,Novella Orientale
work:W.0823,Novelle Morali
work:W.0824,Nozze Di Dorina
work:W.0825,Nuovo Segreto
work:W.0826,O Imitatores
work:W.0827,"Observations Sur La Société, Et Sur Les Moyens De Ramener L’ordre Et La Sécurité Dans Son Sein"
work:W.0828,Ode
work:W.0829,"Ode Au Créateur De L’univers, À L’occasion Des Fragmens D’orpheé"
work:W.0830,Ode Du Jubilé
work:W.0831,Ode Sur La Mort
work:W.0832,Ode Sur La Prise De Namur
work:W.0833,Ode À La Fortune
work:W.0834,Oden
work:W.0835,Odes Anacréontiques
work:W.0836,Odes Pindariques
work:W.0837,Odes Sacrées
work:W.0838,Odes À La Glace
work:W.0839,Odyssey
work:W.0840,Oedipus
work:W.0841,Oeuvres Posthumes
work:W.0842,Oidipus In Kolonos
work:W.0843,Old Testament
work:W.0844,Omelie
work:W.0845,Oraison Funebre De Torsac
work:W.0846,Orator
work:W.0847,Orazioni
work:W.0848,Oreste
work:W.0849,Orfano Della Cina
work:W.0850,Orlando
work:W.0851,Oroonoko : Or The Southern Slave
work:W.0852,Orpheus Und Eurydike
work:W.0853,Os Lusíadas
work:W.0854,Osservatore
work:W.0855,Otaiti
work:W.0856,Othello
work:W.0857,Ovvero Vite De’più Bizzarri
work:W.0858,"P. I., S. 208."
work:W.0859,Pablo Y Virginia
work:W.0860,Padre Amoroso
work:W.0861,Palamon And Arcite
work:W.0862,Pamela
work:W.0863,Pane
work:W.0864,Panurge
work:W.0865,Paradise Lost
work:W.0866,Paraiso
work:W.0867,Parallele Des Anciens & Des Modernes
work:W.0868,Paraphrase Sur L’histoire De Susanne
work:W.0869,Parc De Newgate
work:W.0870,Parfait Maquignon
work:W.0871,Pazza Per Amore
work:W.0872,"Pensées De Cicéron, Traduites, Pour Servir À L'éducation De La Jeunesse"
work:W.0873,"Pensées De Sénèque, Recueillies Par M. Angliviel De La Beaumelle"
work:W.0874,Pensées Diverses Sur La Comète
work:W.0875,Pensées Ingénieuses Des Peres De L’eglise
work:W.0876,Pensées Philosophiques
work:W.0877,"Pestilentia Hippocrates, Qui Omnia Novit"
work:W.0878,Phaenomena
work:W.0879,Pharamond
work:W.0880,Pharsale
work:W.0881,Phaëton
work:W.0882,"Philaster, Or Love Lies A Bleeding"
work:W.0883,Philosophe Nouvelliste
work:W.0884,Philosophiae Naturalis Principia Mathematica
work:W.0885,Phèdre
work:W.0886,Phœnix
work:W.0887,Pindare Aux Enfers
work:W.0888,Pirro E Demetrio
work:W.0889,Pièces Choisies De Nos Meilleurs Poëtes
work:W.0890,Plaintes De Melpomene
work:W.0891,"Pleyto De Hernán Cortés, Con Pánfilo De Narvaez"
work:W.0892,Plutos
work:W.0893,Politeia
work:W.0894,Polyanthea
work:W.0895,Pomone
work:W.0896,Pompe Funèbre
work:W.0897,Poème Sur La Loi Naturelle
work:W.0898,Poème Sur Le Désastre De Lisbonne
work:W.0899,Poëme De La Chartreuse
work:W.0900,"Poëme Sur La Présente Posture Des Affaires, Ou Un Tour Dans Le Nord"
work:W.0901,Practical Christianity
work:W.0902,Principe
work:W.0903,Principes Du Droit De La Nature Et Des Gens
work:W.0904,Pro Arch.
work:W.0905,Prop. Lib. 2
work:W.0906,Prophetiae Evangelicae Ac Mors Isajae
work:W.0907,Prophétes Modernes
work:W.0908,Proverbios Morales
work:W.0909,Purgatorio. Canto Iii.
work:W.0910,Pénélope
work:W.0911,"Quattro Elegantissime Egloghe Rusticali, Ora La Prima Volta Poste Insieme, E Con Diligenza Stampate"
work:W.0912,Quinte-curce
work:W.0913,Ragionamento Sopra I Mezzi Per Far Rifiorire L’agricoltura
work:W.0914,Raisons Pour Dissuader Les Gens D’aller À La Comedie
work:W.0915,Rappresentazione
work:W.0916,Rasgo Poético
work:W.0917,Raub Der Persephone
work:W.0918,Recettes De La Comtesse
work:W.0919,Recherche De La Verité
work:W.0920,Recueil Des Meilleures Pièces De Poësie
work:W.0921,Reflexions Sur Le Savoir
work:W.0922,Reflexîones Sobre La Verdadera Significacion De La Voz Práctica En La Medicina
work:W.0923,Regia Parnassi
work:W.0924,Regles Pour La Conduite De L’esprit
work:W.0925,Reguini
work:W.0926,Reine Enchanteresse
work:W.0927,Religio Laici
work:W.0928,Religio Medici
work:W.0929,Remedia Amoris
work:W.0930,Rhadamiste Et Zénobie
work:W.0931,Rhetorica Ad Herennium
work:W.0932,Riccardo Terzo
work:W.0933,Riccio Rapito
work:W.0934,Rime Burlesche
work:W.0935,Rodogune
work:W.0936,Rolands
work:W.0937,Roman Comique
work:W.0938,Romeo And Juliet
work:W.0939,Romulus
work:W.0940,Roy Du Pont
work:W.0941,Rudimentos Chronologicos
work:W.0942,Ruf.
work:W.0943,Rules And Orders Of The Society Established At London For The Encouragement Of Arts Manufactures And Commerce
work:W.0944,"Réflexions Désintéressées Sur La Constitution Du Pape Clément Xi, Qui Condamne Le Nouveau Testament Du Père Quesnel"
work:W.0945,Réflexions Ou Sentences Et Maximes Morales
work:W.0946,Réflexions Sur Les Grands Hommes Qui Sont Morts En Plaisantant
work:W.0947,Régles Pour L’observation Du Carême
work:W.0948,Répétition
work:W.0949,S. 6.
work:W.0950,S. Marco
work:W.0951,"Saffo, Ossia I Riti Di D’apollo Leucadio"
work:W.0952,Saggi Cap. Xxxiv.
work:W.0953,Saggio Sull’uomo
work:W.0954,Sagra Scrittura
work:W.0955,Saint Loüis
work:W.0956,Samson Aconiste’s
work:W.0957,Sancho Ortíz De Las Roelas
work:W.0958,Sat. X Lib. I.
work:W.0959,"Sat., I."
work:W.0960,Satirae
work:W.0961,Satire X
work:W.0962,Satiren Vi.
work:W.0963,Satires
work:W.0964,Saturae
work:W.0965,Satyre De L’honneur
work:W.0966,Satyricon
work:W.0967,Scuole D’atene
work:W.0968,Secchia Rapita
work:W.0969,Semanario De Agricultura Y Artes
work:W.0970,Semiramide
work:W.0971,Senofonte
work:W.0972,Sermoni
work:W.0973,Serse
work:W.0974,"Sethos, Histoire, Ou Vie Tirée Des Monumens, Anecdotes De L'ancienne Égypte, Traduite D'un Manuscrit Grec"
work:W.0975,Sigismond And Guiscardo
work:W.0976,Sileno
work:W.0977,Sofia
work:W.0978,Somnium Scipionis
work:W.0979,Sonetto
work:W.0980,Sophonisbe
work:W.0981,Sot Vengé
work:W.0982,Spectateur
work:W.0983,Spectateur Français
work:W.0984,Spectator
work:W.0985,Spettatore
work:W.0986,Spettatore Italiano
work:W.0987,Spettatore Italiano-piemontese
work:W.0988,Spettatrice
work:W.0989,Sposa In Lutto
work:W.0990,St. Barthelemi
work:W.0991,Stichus
work:W.0992,Storia Critica Della Filosofia
work:W.0993,"Storia Della Vita, E Della Morte"
work:W.0994,Storia Ecclesiastica Di Monsignor Antonio Godeau Vescovo E Signor Di Vence
work:W.0995,Supplement À La Gazette De Bruxelle
work:W.0996,Supposes
work:W.0997,Sur La Priere
work:W.0998,Sur Le Baptême Des Petits Enfans
work:W.0999,Sur L’apocalypse
work:W.1000,Syrene
work:W.1001,Systema Naturae
work:W.1002,Système De La Nature Ou Des Loix Du Monde Physique Et Du Monde Moral
work:W.1003,Talmud
work:W.1004,Tariffa Delle Gabelle Toscane
work:W.1005,Tartuffe Ou L’imposteur
work:W.1006,Te Deum
work:W.1007,Tebaide
work:W.1008,Telemaco
work:W.1009,Temi Veneta
work:W.1010,Tempore Julii Cæsaris
work:W.1011,The Alchemist
work:W.1012,The Athenian Mercury
work:W.1013,The British Apollo
work:W.1014,"The Complaint: Or, Night-thoughts On Life, Death, & Immortality"
work:W.1015,The Countess Of Pembroke’s Arcadia
work:W.1016,The Country Wife
work:W.1017,The Court Secret
work:W.1018,The Creation
work:W.1019,The Daily Courant
work:W.1020,The Death of Abel
work:W.1021,The Death of Adam
work:W.1022,The Discontented Colonel
work:W.1023,The Doubtful Heir
work:W.1024,The Examiner
work:W.1025,"The Fable Of The Bees: Or, Private Vices, Publick Benefits"
work:W.1026,The Fall Of Tarquin
work:W.1027,The Fox
work:W.1028,The Guardian
work:W.1029,The History And Fall Of Caius Marius
work:W.1030,The History Of England
work:W.1031,The History Of England During The Reigns Of The Royal House Of Stuart
work:W.1032,The History Of The Rebellion And Civil Wars In England Begun In The Year 1641
work:W.1033,The Indian Emperour
work:W.1034,The Knight Of The Burning Pestle
work:W.1035,The Laws Of Candy
work:W.1036,The Medley
work:W.1037,The Mourning Bride
work:W.1038,The Natural History Of Staffordshire
work:W.1039,The New Atalantis
work:W.1040,"The Orphan, Or The Unhappy Marriage"
work:W.1041,"The Play Called The Foure Pp; A Newe And A Very Mery Interlude Of A Palmer, A Pardoner, A Potycary, A Pedler"
work:W.1042,The Pleasures Of The Imagination
work:W.1043,The Provoked Husband Or A Journey To London
work:W.1044,The Rape Of The Lock
work:W.1045,The Recruiting Officer
work:W.1046,"The Rival Queens, Or The Death Of Alexander The Great"
work:W.1047,The Spectator
work:W.1048,The Spirit Of Massoney
work:W.1049,The State Of Innocence
work:W.1050,The Tatler
work:W.1051,Thebais
work:W.1052,Theodore
work:W.1053,Theogonie
work:W.1054,Theorie De La Terre
work:W.1055,Thyestes
work:W.1056,Théagène & Chariclée
work:W.1057,Théodose
work:W.1058,Théologie Physique Ou Démonstration De L’existence Et Des Attributs De Dieu
work:W.1059,Thétis Et Pélée
work:W.1060,Tiranno
work:W.1061,Titles Of Honor
work:W.1062,Tout Céde A L’amour
work:W.1063,Traité De La Manie
work:W.1064,Traité De L’amitié
work:W.1065,Traité De L’education
work:W.1066,Traité De L’éducation Des Enfans
work:W.1067,Traité Des Opinions Des Habitants De La Cité Idéale
work:W.1068,Traité Des Principes De La Foi Chrétienne
work:W.1069,Trattato Del Governo Della Famiglia
work:W.1070,Tribunal Catoniano
work:W.1071,Trionfo Di Bacco
work:W.1072,Tristia
work:W.1073,Trostschrift An Marcia
work:W.1074,Tuscul. Lib. V
work:W.1075,Tusculanae Disputationes
work:W.1076,Tyrannick Love
work:W.1077,Télémaque
work:W.1078,Un Curioso Accidente
work:W.1079,Un Pasagonzalo Á Los Autores Del Memorial Literario
work:W.1080,Una Travesura
work:W.1081,Un’opera In Versi In Lode Del Voltaire
work:W.1082,Urbano Severo
work:W.1083,Utopia
work:W.1084,Variedades
work:W.1085,Variedades De Ciencias
work:W.1086,"Variedades De Ciencias, Literatura Y Artes"
work:W.1087,Variedades Ó Anuncio
work:W.1088,Variӕ Lectiones
work:W.1089,Vas Y Voir
work:W.1090,Veglie Piacevoli
work:W.1091,Vendanges De Surenne
work:W.1092,Venere
work:W.1093,Venezia Liberata
work:W.1094,Versi Virgiliani
work:W.1095,"Vert-vert, Ou Les Voyages Du Perroquet De Nevers"
work:W.1096,Vervet
work:W.1097,Veteri Medicina
work:W.1098,Viaggi Del Gulliver
work:W.1099,Viaggio Sotterraneo Del Klimio
work:W.1100,Virgines Prudentes Et Fatuae
work:W.1101,Vita Di Marianna
work:W.1102,Vita D’arlotto Mainardi Piovano Di Cresci
work:W.1103,Vita Menagiana
work:W.1104,Vitto Pitagorico
work:W.1105,Vocazione Allo Stato Ecclesiastico
work:W.1106,Voglio Appartenenti All’economia Di Villa
work:W.1107,Von Der Dichtkunst
work:W.1108,Von Der Kürze Des Lebens
work:W.1109,Voyage Du Monde De Descartes
work:W.1110,Voyage D’italie
work:W.1111,Voyages Du Chevalier Chardin En Perse Et Autres Lieux De L’orient
work:W.1112,Vulgata
work:W.1113,"Vulgata, Prov. 19"
work:W.1114,Wahre Geschichten
work:W.1115,Weisheitsliteratur
work:W.1116,Werke Und Tage
work:W.1117,Zadig Ou La Destinée
work:W.1118,Zaira
work:W.1119,Zarlino
work:W.1120,Zaïda: Fragments D’une Vie
work:W.1121,Zaïde
work:W.1122,Zaïre
work:W.1123,Zelucco
work:W.1124,Zoroastro
work:W.1125,Zoroastro Re De’battriani
work:W.1126,Zulica
work:W.1127,Zénéïde
work:W.1128,Églé
work:W.1129,Éloge De M. Le Président De Montesquieu
work:W.1130,Émile Ou De L’éducation
work:W.1131,"Épîtres Morales. Essai Sur La Satyre, À La Mémoire De Pope, Par Le Dr Brown"
work:W.1132,Über Den Redner
work:W.1133,Über Die Liebeskunst
work:W.1134,Œuvres Melées De S. Evremont
work:W.1135,Voyage de Messieurs Bachaumont et la Chapelle
work:W.1136,"Richard III, William Shakespeare"